InvoiceNo,Date,StoreID,ProductID,Category,Quantity,UnitPrice,Discount,CostPerUnit,CustomerType,PaymentMode
INV10000,2025-02-08 19:00:00,3,P185,Accessories,1,2951.29,15.0,2342.4,Returning,Card
INV10001,2025-01-29 14:00:00,5,P349,Accessories,5,1068.52,0.0,712.33,New,Digital
INV10002,2025-02-12 07:00:00,1,P490,Accessories,4,1509.94,5.0,840.95,nan,Card
INV10003,2025-01-21 06:00:00,2,P881,Accessories,4,1856.36,15.0,1252.4,New,Card
INV10004,2025-02-27 18:00:00,4,P434,Shoes,2,2479.25,0.0,1391.68,New,Card
INV10005,2025-01-23 10:00:00,1,P728,Shoes,5,1872.1,15.0,1227.93,Returning,Cash
INV10006,2025-01-11 23:00:00,1,P618,Shoes,4,2032.25,0.0,1061.27,Returning,Card
INV10007,2025-02-22 03:00:00,3,P236,Clothing,1,1065.37,5.0,726.2,Returning,Digital
INV10008,2025-02-09 23:00:00,5,P982,Accessories,2,2617.3,10.0,1714.43,New,Cash
INV10009,2025-01-03 21:00:00,4,P787,Accessories,5,1571.58,15.0,1134.76,Returning,Digital
INV10010,2025-02-22 01:00:00,2,P939,Shoes,2,852.4,10.0,587.48,Returning,Digital
INV10011,2025-01-24 11:00:00,4,P597,Accessories,1,2160.47,15.0,1436.46,New,Cash
INV10012,2025-01-30 05:00:00,2,P926,Accessories,5,1040.23,0.0,735.37,New,Digital
INV10013,2025-01-02 20:00:00,5,P826,Shoes,2,743.91,0.0,404.08,New,Digital
INV10014,2025-02-02 11:00:00,2,P576,Clothing,3,2654.97,20.0,1801.68,New,Cash
INV10015,2025-02-27 21:00:00,3,P693,Clothing,1,1650.41,15.0,910.42,Returning,Digital
INV10016,2025-02-13 16:00:00,3,P322,Clothing,1,2373.21,0.0,1845.54,New,Card
INV10017,2025-01-27 09:00:00,3,P471,Shoes,1,1226.47,20.0,638.38,nan,Digital
INV10018,2025-01-28 15:00:00,3,P501,Accessories,3,2467.43,0.0,1552.29,New,Card
INV10019,2025-01-15 14:00:00,4,P542,Shoes,3,779.84,10.0,552.7,Returning,Digital
INV10020,2025-02-20 11:00:00,5,P589,Shoes,4,1389.93,0.0,885.95,New,Cash
INV10021,2025-02-24 19:00:00,2,P714,Accessories,2,2945.15,15.0,1553.95,New,Cash
INV10022,2025-02-26 02:00:00,2,P372,Clothing,4,2484.97,15.0,1655.02,New,Digital
INV10023,2025-02-06 18:00:00,3,P625,Clothing,2,1743.14,0.0,1207.11,New,Cash
INV10024,2025-01-07 20:00:00,3,P258,Shoes,3,1349.44,20.0,959.64,Returning,Digital
INV10025,2025-01-09 06:00:00,1,P251,Clothing,3,2680.34,5.0,1640.31,nan,Cash
INV10026,2025-01-18 03:00:00,5,P719,Shoes,4,1862.12,0.0,1245.94,Returning,Card
INV10027,2025-01-25 13:00:00,4,P287,Shoes,5,2396.06,0.0,1521.99,New,Digital
INV10028,2025-02-19 08:00:00,2,P912,Accessories,4,2385.27,0.0,1673.55,New,Card
INV10029,2025-01-26 20:00:00,1,P197,Accessories,2,544.86,0.0,367.82,New,Card
INV10030,2025-01-02 19:00:00,1,P230,Accessories,4,815.63,10.0,536.46,Returning,Digital
INV10031,2025-01-28 14:00:00,2,P904,Shoes,1,2149.07,20.0,1235.41,Returning,Card
INV10032,2025-03-01 06:00:00,4,P270,Accessories,2,904.05,10.0,452.57,nan,Digital
INV10033,2025-02-13 07:00:00,1,P282,Clothing,2,1138.73,0.0,628.83,New,Card
INV10034,2025-02-16 02:00:00,1,P463,Clothing,5,2866.59,0.0,1533.97,Returning,Digital
INV10035,2025-01-14 16:00:00,5,P138,Shoes,3,1900.46,0.0,1206.27,Returning,Digital
INV10036,2025-02-05 17:00:00,4,P626,Shoes,2,2376.82,5.0,1624.98,Returning,Cash
INV10037,2025-02-09 03:00:00,1,P987,Accessories,3,1894.95,20.0,1068.61,Returning,Digital
INV10038,2025-01-02 05:00:00,4,P596,Shoes,4,1881.28,0.0,1470.63,Returning,Digital
INV10039,2025-02-23 09:00:00,2,P615,Shoes,1,735.38,15.0,369.16,Returning,Card
INV10040,2025-01-04 21:00:00,3,P448,Clothing,5,1359.16,20.0,994.48,New,Digital
INV10041,2025-01-29 17:00:00,1,P496,Clothing,3,1206.08,10.0,829.25,Returning,Cash
INV10042,2025-01-26 11:00:00,5,P821,Accessories,2,1476.82,20.0,903.91,New,Card
INV10043,2025-02-03 09:00:00,2,P260,Shoes,3,2495.86,10.0,1285.73,Returning,Card
INV10044,2025-02-05 13:00:00,4,P115,Shoes,2,1429.83,15.0,984.07,New,Cash
INV10045,2025-01-31 15:00:00,2,P592,Clothing,3,1629.24,10.0,1003.1,Returning,Card
INV10046,2025-01-15 07:00:00,1,P525,Shoes,2,1493.45,10.0,1166.21,nan,Card
INV10047,2025-01-14 22:00:00,4,P207,Clothing,4,733.52,0.0,486.03,Returning,Card
INV10048,2025-03-01 07:00:00,3,P993,Accessories,2,1602.68,5.0,1253.13,Returning,Card
INV10049,2025-01-21 15:00:00,2,P549,Clothing,2,989.02,0.0,559.93,Returning,Cash
INV10050,2025-02-14 17:00:00,1,P410,Shoes,1,966.81,10.0,693.9,Returning,Cash
INV10051,2025-02-16 20:00:00,5,P838,Accessories,2,735.09,0.0,503.67,Returning,Card
INV10052,2025-01-24 12:00:00,4,P269,Clothing,1,1391.68,,1004.55,Returning,Card
INV10053,2025-02-10 14:00:00,2,P645,Clothing,5,2393.7,15.0,1351.01,New,Cash
INV10054,2025-02-14 00:00:00,2,P513,Accessories,1,1191.1,5.0,833.17,nan,Cash
INV10055,2025-01-25 06:00:00,3,P350,Accessories,4,1280.87,0.0,831.81,nan,Cash
INV10056,2025-01-09 23:00:00,3,P858,Clothing,1,2106.69,20.0,1522.82,Returning,Card
INV10057,2025-01-01 11:00:00,5,P880,Shoes,5,989.6,20.0,591.89,New,Card
INV10058,2025-01-08 23:00:00,5,P240,Clothing,4,2742.39,15.0,2103.46,New,Digital
INV10059,2025-01-11 18:00:00,1,P373,Accessories,3,1800.48,0.0,945.77,Returning,Cash
INV10060,2025-01-17 07:00:00,1,P515,Clothing,3,1619.01,5.0,1201.56,New,Card
INV10061,2025-02-04 02:00:00,5,P707,Accessories,1,1894.55,0.0,1436.82,Returning,Cash
INV10062,2025-02-02 04:00:00,5,P838,Accessories,1,915.09,0.0,681.9,Returning,Card
INV10063,2025-02-11 06:00:00,4,P990,Shoes,5,2033.68,20.0,1329.66,New,Cash
INV10064,2025-02-27 08:00:00,3,P138,Accessories,5,1407.75,15.0,889.02,nan,Card
INV10065,2025-01-28 06:00:00,1,P913,Accessories,2,2742.97,10.0,2191.3,Returning,Digital
INV10066,2025-01-09 07:00:00,3,P128,Shoes,5,922.14,20.0,524.47,Returning,Digital
INV10067,2025-01-12 01:00:00,3,P576,Accessories,2,1767.63,10.0,1173.82,Returning,Cash
INV10068,2025-02-02 15:00:00,5,P417,Shoes,4,1995.28,10.0,1399.1,New,Card
INV10069,2025-02-24 22:00:00,4,P344,Shoes,1,583.46,5.0,414.41,Returning,Card
INV10070,2025-01-24 04:00:00,2,P847,Accessories,4,1409.23,,790.87,New,Cash
INV10071,2025-02-04 11:00:00,4,P796,Accessories,5,2331.59,0.0,1623.25,nan,Card
INV10072,2025-02-09 21:00:00,4,P371,Clothing,4,2550.94,,1901.75,Returning,Cash
INV10073,2025-01-27 02:00:00,3,P539,Shoes,4,1282.9,20.0,660.7,New,Card
INV10074,2025-01-01 02:00:00,4,P847,Clothing,4,2496.48,0.0,1930.92,Returning,Cash
INV10075,2025-02-06 14:00:00,1,P338,Accessories,5,2919.39,10.0,1485.54,Returning,Card
INV10076,2025-01-14 02:00:00,3,P476,Clothing,4,2642.18,20.0,1603.25,New,Cash
INV10077,2025-01-01 04:00:00,1,P365,Shoes,2,794.11,10.0,400.82,nan,Card
INV10078,2025-01-26 22:00:00,2,P458,Clothing,5,2349.33,,1229.04,New,Digital
INV10079,2025-01-14 06:00:00,3,P439,Shoes,4,1299.17,,1004.71,New,Card
INV10080,2025-01-27 08:00:00,2,P488,Accessories,5,2971.04,5.0,1801.81,Returning,Cash
INV10081,2025-01-15 14:00:00,3,P676,Accessories,3,1713.4,5.0,1075.04,Returning,Digital
INV10082,2025-01-26 09:00:00,5,P788,Shoes,2,806.08,,455.12,Returning,Card
INV10083,2025-03-01 12:00:00,4,P102,Accessories,4,2312.96,15.0,1570.8,Returning,Digital
INV10084,2025-02-20 06:00:00,5,P528,Accessories,3,1307.53,0.0,887.08,Returning,Card
INV10085,2025-02-18 19:00:00,2,P241,Accessories,3,2992.7,0.0,1830.52,Returning,Digital
INV10086,2025-02-01 03:00:00,4,P475,Accessories,5,2949.46,10.0,1769.41,New,Cash
INV10087,2025-01-30 04:00:00,3,P769,Shoes,3,2140.34,,1638.41,New,Card
INV10088,2025-01-23 06:00:00,4,P423,Clothing,2,824.57,20.0,507.1,New,Card
INV10089,2025-02-14 14:00:00,1,P245,Clothing,2,2217.15,15.0,1436.82,New,Cash
INV10090,2025-02-12 03:00:00,4,P392,Accessories,1,732.58,0.0,428.55,Returning,Digital
INV10091,2025-01-13 06:00:00,1,P764,Clothing,2,573.41,0.0,422.05,New,Cash
INV10092,2025-02-28 18:00:00,4,P531,Clothing,3,2557.4,20.0,1583.63,New,Cash
INV10093,2025-01-22 01:00:00,1,P804,Accessories,2,1024.38,0.0,670.03,New,Digital
INV10094,2025-02-11 12:00:00,2,P684,Accessories,5,1447.57,0.0,833.81,nan,Cash
INV10095,2025-02-26 20:00:00,5,P498,Clothing,1,2933.64,0.0,2336.05,nan,Card
INV10096,2025-01-06 11:00:00,3,P916,Shoes,3,1342.1,15.0,788.41,Returning,Card
INV10097,2025-02-13 19:00:00,4,P988,Accessories,1,1241.22,,907.61,nan,Card
INV10098,2025-01-30 10:00:00,5,P443,Shoes,3,2795.52,0.0,1756.28,Returning,Cash
INV10099,2025-02-27 22:00:00,3,P239,Clothing,5,776.87,10.0,436.5,Returning,Card
INV10100,2025-01-28 06:00:00,3,P286,Accessories,1,2398.96,15.0,1775.03,New,Card
INV10101,2025-02-02 00:00:00,1,P904,Shoes,4,2970.16,,1782.34,Returning,Card
INV10102,2025-02-26 19:00:00,2,P160,Accessories,3,2753.24,0.0,2091.25,Returning,Card
INV10103,2025-01-13 08:00:00,2,P479,Clothing,4,2129.17,10.0,1649.21,Returning,Card
INV10104,2025-01-03 06:00:00,5,P809,Shoes,1,1285.15,5.0,974.08,Returning,Card
INV10105,2025-01-06 07:00:00,2,P906,Clothing,4,1135.8,20.0,579.83,Returning,Cash
INV10106,2025-01-27 08:00:00,4,P539,Clothing,4,2548.14,10.0,1875.97,Returning,Card
INV10107,2025-02-06 00:00:00,2,P418,Accessories,1,2699.55,0.0,1682.9,nan,Card
INV10108,2025-02-20 09:00:00,5,P401,Shoes,5,1813.59,15.0,1382.17,New,Digital
INV10109,2025-02-13 23:00:00,2,P443,Clothing,4,1110.85,20.0,768.03,Returning,Cash
INV10110,2025-01-15 21:00:00,4,P110,Clothing,4,782.36,0.0,586.84,Returning,Cash
INV10111,2025-02-01 23:00:00,1,P161,Shoes,5,717.95,20.0,466.55,Returning,Cash
INV10112,2025-02-10 19:00:00,5,P944,Clothing,4,2297.69,0.0,1517.64,Returning,Cash
INV10113,2025-02-18 16:00:00,1,P325,Clothing,4,1550.3,10.0,842.3,New,Card
INV10114,2025-02-27 19:00:00,1,P252,Shoes,4,2763.4,5.0,2031.64,Returning,Card
INV10115,2025-01-12 06:00:00,1,P810,Shoes,2,2349.18,15.0,1470.16,New,Digital
INV10116,2025-01-02 02:00:00,3,P663,Shoes,5,978.15,5.0,635.82,Returning,Digital
INV10117,2025-02-18 04:00:00,3,P871,Shoes,4,2034.44,20.0,1496.39,Returning,Cash
INV10118,2025-02-18 23:00:00,1,P670,Accessories,5,1588.76,15.0,1079.81,Returning,Digital
INV10119,2025-01-17 16:00:00,5,P683,Shoes,3,1943.12,15.0,1088.79,New,Digital
INV10120,2025-01-02 01:00:00,4,P759,Accessories,3,2345.17,20.0,1587.84,Returning,Cash
INV10121,2025-01-28 21:00:00,4,P960,Accessories,4,2515.49,20.0,1565.36,New,Cash
INV10122,2025-01-23 04:00:00,2,P674,Accessories,5,2609.34,0.0,1672.22,Returning,Digital
INV10123,2025-02-01 00:00:00,5,P409,Clothing,5,1134.94,5.0,577.11,nan,Card
INV10124,2025-01-01 18:00:00,3,P984,Accessories,5,577.79,,325.3,nan,Digital
INV10125,2025-01-02 20:00:00,1,P342,Accessories,2,2348.24,0.0,1372.1,Returning,Digital
INV10126,2025-02-13 05:00:00,2,P592,Clothing,3,765.86,15.0,546.74,Returning,Card
INV10127,2025-02-01 22:00:00,4,P465,Clothing,5,1287.3,,648.09,New,Card
INV10128,2025-01-04 22:00:00,3,P429,Clothing,5,509.54,0.0,317.26,New,Cash
INV10129,2025-01-11 23:00:00,3,P206,Shoes,2,2204.17,15.0,1713.1,Returning,Cash
INV10130,2025-02-28 16:00:00,1,P325,Clothing,2,917.83,10.0,489.72,Returning,Digital
INV10131,2025-02-07 23:00:00,4,P924,Clothing,5,2138.21,10.0,1400.37,nan,Card
INV10132,2025-01-05 19:00:00,5,P317,Accessories,1,2979.36,0.0,2192.68,New,Cash
INV10133,2025-02-03 05:00:00,3,P852,Clothing,5,681.68,0.0,533.59,nan,Digital
INV10134,2025-01-22 10:00:00,1,P605,Shoes,5,692.7,15.0,501.54,Returning,Card
INV10135,2025-02-17 15:00:00,5,P358,Clothing,2,1350.95,20.0,967.51,Returning,Digital
INV10136,2025-02-02 08:00:00,4,P987,Shoes,2,2665.97,20.0,1994.0,New,Cash
INV10137,2025-03-01 05:00:00,3,P873,Clothing,5,1038.82,10.0,658.47,New,Cash
INV10138,2025-01-16 02:00:00,5,P616,Clothing,5,1400.94,0.0,1039.15,Returning,Card
INV10139,2025-01-20 03:00:00,5,P872,Clothing,5,671.26,15.0,337.23,Returning,Digital
INV10140,2025-01-19 02:00:00,5,P153,Clothing,2,2407.89,0.0,1871.82,New,Card
INV10141,2025-01-19 19:00:00,3,P146,Shoes,5,1520.77,,962.64,Returning,Cash
INV10142,2025-02-01 06:00:00,3,P826,Shoes,5,2398.12,20.0,1597.18,Returning,Cash
INV10143,2025-02-21 08:00:00,2,P788,Accessories,4,2759.02,15.0,1590.48,Returning,Digital
INV10144,2025-02-02 07:00:00,4,P620,Shoes,1,1081.91,,781.96,nan,Digital
INV10145,2025-02-08 17:00:00,1,P198,Clothing,3,2518.49,0.0,1317.15,New,Digital
INV10146,2025-02-09 00:00:00,5,P119,Accessories,1,647.73,15.0,493.43,New,Card
INV10147,2025-01-11 17:00:00,2,P989,Accessories,4,2747.12,5.0,2056.04,Returning,Digital
INV10148,2025-01-23 09:00:00,1,P852,Accessories,3,2126.92,,1201.32,New,Digital
INV10149,2025-02-04 06:00:00,2,P672,Clothing,5,2685.57,0.0,1994.83,New,Cash
INV10150,2025-03-01 15:00:00,3,P990,Shoes,4,500.47,15.0,368.3,New,Cash
INV10151,2025-01-26 15:00:00,5,P589,Clothing,5,922.7,20.0,636.35,New,Digital
INV10152,2025-02-26 19:00:00,1,P518,Accessories,2,1474.4,0.0,902.42,New,Digital
INV10153,2025-03-01 16:00:00,1,P789,Clothing,4,1448.76,5.0,842.38,New,Cash
INV10154,2025-01-02 00:00:00,1,P949,Clothing,2,1066.83,20.0,607.6,New,Digital
INV10155,2025-02-17 11:00:00,1,P161,Shoes,4,1454.03,10.0,866.0,New,Card
INV10156,2025-01-05 04:00:00,1,P244,Shoes,4,822.12,0.0,633.91,Returning,Card
INV10157,2025-02-01 22:00:00,2,P315,Accessories,2,1531.9,0.0,801.63,Returning,Card
INV10158,2025-01-09 08:00:00,5,P102,Clothing,3,2505.89,0.0,1876.06,Returning,Digital
INV10159,2025-02-04 18:00:00,3,P259,Clothing,1,1697.68,20.0,1026.53,New,Cash
INV10160,2025-02-17 15:00:00,3,P838,Shoes,5,545.0,10.0,357.78,New,Digital
INV10161,2025-01-03 19:00:00,3,P880,Clothing,4,1553.61,0.0,1147.1,Returning,Digital
INV10162,2025-01-24 21:00:00,3,P219,Clothing,5,567.94,5.0,434.65,Returning,Cash
INV10163,2025-02-25 00:00:00,2,P992,Clothing,2,2915.61,5.0,1759.38,Returning,Cash
INV10164,2025-01-24 19:00:00,4,P188,Shoes,5,818.63,0.0,522.74,New,Cash
INV10165,2025-01-11 16:00:00,5,P428,Accessories,2,2269.22,5.0,1416.8,nan,Card
INV10166,2025-01-08 03:00:00,1,P679,Accessories,5,2931.94,5.0,1477.63,New,Digital
INV10167,2025-02-07 07:00:00,4,P456,Clothing,1,2565.1,5.0,1510.29,Returning,Cash
INV10168,2025-01-20 02:00:00,3,P709,Accessories,1,2248.29,15.0,1433.86,Returning,Digital
INV10169,2025-02-17 02:00:00,4,P366,Shoes,1,2598.65,0.0,1619.81,Returning,Card
INV10170,2025-01-25 17:00:00,5,P716,Shoes,1,2954.5,15.0,2117.13,New,Card
INV10171,2025-02-15 17:00:00,1,P422,Accessories,1,2053.36,10.0,1263.72,New,Cash
INV10172,2025-01-02 21:00:00,1,P734,Accessories,1,1897.96,10.0,1227.63,Returning,Cash
INV10173,2025-02-04 15:00:00,5,P640,Clothing,2,2070.6,15.0,1302.16,New,Digital
INV10174,2025-02-10 03:00:00,5,P748,Accessories,4,1831.69,10.0,1322.82,New,Cash
INV10175,2025-02-02 03:00:00,3,P294,Clothing,5,2087.72,20.0,1584.35,New,Digital
INV10176,2025-02-02 13:00:00,1,P837,Clothing,1,1624.61,15.0,1071.54,Returning,Cash
INV10177,2025-01-21 15:00:00,4,P431,Shoes,2,1046.11,10.0,770.8,New,Digital
INV10178,2025-01-20 23:00:00,2,P269,Shoes,2,800.62,20.0,471.59,nan,Digital
INV10179,2025-01-08 06:00:00,2,P620,Shoes,2,670.85,15.0,444.38,Returning,Digital
INV10180,2025-01-03 16:00:00,5,P562,Shoes,4,1158.29,0.0,699.11,nan,Digital
INV10181,2025-02-02 15:00:00,3,P139,Accessories,5,615.31,0.0,384.11,nan,Card
INV10182,2025-01-12 18:00:00,2,P636,Shoes,4,1917.93,0.0,1380.38,Returning,Digital
INV10183,2025-01-22 22:00:00,1,P360,Accessories,3,1209.57,20.0,924.71,New,Cash
INV10184,2025-01-22 13:00:00,5,P494,Shoes,2,2561.34,15.0,1374.03,New,Card
INV10185,2025-01-30 05:00:00,4,P325,Accessories,3,685.6,,473.33,New,Card
INV10186,2025-02-07 12:00:00,5,P223,Clothing,1,1065.88,15.0,719.09,Returning,Digital
INV10187,2025-02-20 21:00:00,4,P137,Accessories,1,2325.62,10.0,1245.43,New,Card
INV10188,2025-01-08 01:00:00,5,P427,Accessories,4,1997.02,0.0,1125.46,New,Digital
INV10189,2025-01-21 00:00:00,5,P350,Shoes,5,661.23,15.0,392.31,New,Cash
INV10190,2025-01-28 14:00:00,5,P275,Accessories,3,2693.1,10.0,1481.42,nan,Digital
INV10191,2025-02-02 04:00:00,4,P701,Clothing,5,2693.15,,1543.5,New,Card
INV10192,2025-03-01 15:00:00,4,P553,Clothing,4,1326.02,0.0,769.46,New,Cash
INV10193,2025-01-19 03:00:00,5,P136,Shoes,1,1351.01,10.0,811.55,New,Digital
INV10194,2025-02-04 16:00:00,2,P415,Clothing,5,2972.57,15.0,2154.57,nan,Cash
INV10195,2025-01-17 11:00:00,3,P787,Accessories,5,2065.44,15.0,1387.1,Returning,Cash
INV10196,2025-01-28 13:00:00,3,P895,Clothing,1,1828.29,10.0,1455.09,New,Card
INV10197,2025-02-22 05:00:00,3,P692,Shoes,3,2595.38,20.0,1620.61,New,Cash
INV10198,2025-02-04 08:00:00,4,P213,Accessories,1,1213.23,0.0,881.0,New,Card
INV10199,2025-02-06 23:00:00,4,P139,Shoes,5,1572.96,15.0,1197.72,New,Cash
INV10200,2025-01-29 16:00:00,2,P400,Accessories,3,1169.44,15.0,822.93,nan,Digital
INV10201,2025-02-15 20:00:00,3,P323,Clothing,3,2472.9,20.0,1542.0,Returning,Cash
INV10202,2025-01-31 02:00:00,3,P417,Shoes,1,1933.37,20.0,1403.78,Returning,Digital
INV10203,2025-03-01 00:00:00,5,P448,Shoes,5,2147.06,5.0,1204.72,Returning,Digital
INV10204,2025-02-21 20:00:00,4,P214,Accessories,4,1130.77,0.0,676.5,New,Cash
INV10205,2025-02-01 22:00:00,3,P797,Shoes,5,1050.56,,697.58,Returning,Digital
INV10206,2025-02-02 02:00:00,2,P422,Accessories,2,1720.94,10.0,1157.54,Returning,Cash
INV10207,2025-01-18 09:00:00,2,P667,Accessories,4,2343.91,,1187.52,New,Cash
INV10208,2025-01-31 21:00:00,3,P139,Accessories,3,1813.1,0.0,1420.63,Returning,Digital
INV10209,2025-02-27 02:00:00,4,P965,Accessories,4,581.61,15.0,412.35,New,Digital
INV10210,2025-02-09 13:00:00,2,P139,Clothing,3,2671.38,20.0,1732.95,New,Card
INV10211,2025-01-24 17:00:00,5,P958,Accessories,3,661.72,,516.1,New,Digital
INV10212,2025-02-01 14:00:00,2,P848,Shoes,4,2889.56,5.0,1825.42,New,Card
INV10213,2025-01-22 22:00:00,1,P388,Clothing,3,562.85,15.0,446.98,Returning,Digital
INV10214,2025-01-02 09:00:00,1,P361,Shoes,3,2236.13,10.0,1461.73,nan,Cash
INV10215,2025-01-02 16:00:00,4,P315,Clothing,2,705.52,0.0,376.95,Returning,Digital
INV10216,2025-02-09 00:00:00,3,P246,Accessories,5,2776.69,15.0,2025.43,Returning,Cash
INV10217,2025-01-09 10:00:00,4,P435,Clothing,5,1661.08,15.0,1168.85,Returning,Cash
INV10218,2025-02-23 15:00:00,4,P267,Clothing,2,843.81,,617.58,New,Cash
INV10219,2025-02-08 09:00:00,4,P191,Shoes,4,1352.04,10.0,1061.94,Returning,Card
INV10220,2025-02-24 02:00:00,4,P452,Shoes,1,912.06,0.0,668.49,New,Digital
INV10221,2025-02-19 23:00:00,5,P670,Accessories,1,926.45,0.0,633.14,Returning,Cash
INV10222,2025-01-13 06:00:00,5,P670,Clothing,1,2870.27,5.0,2173.35,nan,Cash
INV10223,2025-02-26 03:00:00,2,P915,Clothing,2,1613.12,5.0,1132.37,New,Card
INV10224,2025-02-14 19:00:00,1,P780,Clothing,2,2472.01,20.0,1538.67,Returning,Digital
INV10225,2025-01-01 07:00:00,4,P880,Accessories,3,2099.01,5.0,1607.18,Returning,Digital
INV10226,2025-02-15 15:00:00,2,P462,Accessories,1,2191.07,,1241.39,Returning,Card
INV10227,2025-01-14 11:00:00,1,P656,Accessories,4,829.23,,592.4,New,Card
INV10228,2025-02-20 22:00:00,3,P444,Accessories,4,1085.46,15.0,829.8,New,Digital
INV10229,2025-01-15 01:00:00,5,P792,Accessories,1,2466.88,,1774.66,New,Card
INV10230,2025-01-02 22:00:00,1,P269,Shoes,1,2926.92,20.0,2075.72,New,Digital
INV10231,2025-01-22 18:00:00,3,P455,Clothing,1,1156.69,10.0,839.52,New,Digital
INV10232,2025-01-25 21:00:00,1,P290,Clothing,2,1178.92,0.0,753.94,Returning,Cash
INV10233,2025-02-27 21:00:00,5,P766,Clothing,2,1682.24,10.0,1282.29,New,Cash
INV10234,2025-02-18 19:00:00,5,P521,Clothing,2,2959.6,10.0,1660.43,Returning,Digital
INV10235,2025-02-11 05:00:00,2,P799,Clothing,5,1172.4,20.0,631.0,Returning,Digital
INV10236,2025-01-15 21:00:00,4,P106,Clothing,4,1517.43,10.0,888.69,Returning,Digital
INV10237,2025-02-12 04:00:00,1,P232,Clothing,4,2728.7,20.0,1799.5,New,Digital
INV10238,2025-02-02 07:00:00,1,P846,Clothing,3,507.3,15.0,331.35,Returning,Digital
INV10239,2025-02-22 11:00:00,3,P656,Shoes,2,599.41,0.0,447.27,nan,Digital
INV10240,2025-02-13 04:00:00,5,P925,Clothing,5,2010.18,,1249.07,New,Card
INV10241,2025-02-08 03:00:00,1,P860,Shoes,5,2768.45,10.0,1786.49,New,Digital
INV10242,2025-01-06 12:00:00,5,P130,Accessories,4,1097.14,5.0,552.97,Returning,Card
INV10243,2025-02-01 19:00:00,1,P634,Clothing,2,1674.1,15.0,1042.83,New,Card
INV10244,2025-01-30 14:00:00,2,P525,Accessories,3,1626.16,0.0,1129.1,New,Digital
INV10245,2025-02-04 22:00:00,4,P493,Accessories,2,1682.43,15.0,849.04,New,Digital
INV10246,2025-02-09 19:00:00,1,P771,Accessories,1,2056.3,10.0,1201.42,New,Card
INV10247,2025-01-16 12:00:00,5,P462,Shoes,2,1674.36,5.0,941.64,Returning,Card
INV10248,2025-02-19 09:00:00,2,P536,Accessories,1,1618.67,,829.72,New,Digital
INV10249,2025-01-30 18:00:00,1,P769,Accessories,1,1685.72,10.0,1085.23,Returning,Digital
INV10250,2025-01-17 23:00:00,3,P650,Accessories,3,1977.17,0.0,1096.37,Returning,Card
INV10251,2025-01-19 22:00:00,4,P181,Clothing,4,1842.52,10.0,1332.0,Returning,Card
INV10252,2025-01-26 04:00:00,1,P455,Clothing,2,2635.34,,1988.04,Returning,Card
INV10253,2025-01-26 20:00:00,2,P357,Shoes,1,623.74,0.0,413.96,Returning,Cash
INV10254,2025-01-23 08:00:00,3,P817,Shoes,2,2583.29,0.0,2052.46,New,Card
INV10255,2025-01-12 20:00:00,2,P688,Clothing,4,2609.81,0.0,1657.6,Returning,Cash
INV10256,2025-01-01 00:00:00,2,P623,Shoes,4,1212.27,0.0,792.84,Returning,Digital
INV10257,2025-02-16 01:00:00,3,P394,Clothing,5,1657.13,20.0,1320.34,Returning,Digital
INV10258,2025-02-01 21:00:00,2,P323,Accessories,4,1596.35,15.0,909.06,Returning,Card
INV10259,2025-02-17 07:00:00,3,P624,Accessories,3,1046.27,5.0,818.98,New,Digital
INV10260,2025-02-14 20:00:00,1,P145,Shoes,1,1491.99,15.0,765.17,New,Digital
INV10261,2025-01-01 15:00:00,3,P766,Clothing,5,610.97,5.0,387.3,Returning,Digital
INV10262,2025-02-08 04:00:00,3,P212,Clothing,3,1194.56,,622.37,New,Digital
INV10263,2025-01-22 22:00:00,4,P332,Shoes,2,2541.71,,1826.91,Returning,Cash
INV10264,2025-01-03 11:00:00,3,P116,Clothing,1,1211.41,5.0,826.81,New,Cash
INV10265,2025-01-26 15:00:00,3,P459,Accessories,4,2545.52,20.0,1812.39,New,Card
INV10266,2025-02-20 04:00:00,1,P322,Shoes,1,1829.0,20.0,1119.98,New,Card
INV10267,2025-01-22 13:00:00,4,P965,Shoes,2,2699.66,5.0,1649.07,New,Card
INV10268,2025-01-28 04:00:00,5,P799,Clothing,5,1936.95,0.0,994.81,Returning,Digital
INV10269,2025-02-16 16:00:00,1,P547,Shoes,5,574.17,10.0,347.36,New,Digital
INV10270,2025-01-30 13:00:00,1,P955,Clothing,5,2188.55,20.0,1704.41,nan,Cash
INV10271,2025-02-21 04:00:00,5,P464,Clothing,4,612.13,,375.71,Returning,Cash
INV10272,2025-01-12 15:00:00,3,P774,Clothing,3,1626.49,20.0,1218.91,New,Card
INV10273,2025-01-26 15:00:00,2,P425,Clothing,3,2823.57,20.0,2125.29,Returning,Cash
INV10274,2025-01-21 06:00:00,4,P566,Clothing,1,913.01,15.0,558.74,Returning,Cash
INV10275,2025-02-05 00:00:00,2,P513,Shoes,4,1474.68,20.0,1016.93,Returning,Cash
INV10276,2025-01-30 04:00:00,5,P554,Accessories,5,2324.65,20.0,1228.84,New,Cash
INV10277,2025-01-23 09:00:00,1,P685,Accessories,5,2705.65,5.0,1436.98,Returning,Cash
INV10278,2025-02-23 04:00:00,1,P332,Shoes,2,2177.36,10.0,1120.46,Returning,Card
INV10279,2025-02-05 01:00:00,4,P323,Shoes,2,1145.43,20.0,772.37,New,Card
INV10280,2025-02-21 09:00:00,1,P930,Accessories,5,2186.52,0.0,1372.74,New,Cash
INV10281,2025-02-27 18:00:00,1,P511,Accessories,5,1241.82,20.0,825.08,Returning,Card
INV10282,2025-02-27 00:00:00,4,P671,Accessories,4,2296.07,0.0,1506.96,New,Digital
INV10283,2025-02-25 04:00:00,4,P434,Accessories,3,2885.08,10.0,1745.65,Returning,Cash
INV10284,2025-02-14 03:00:00,5,P321,Accessories,2,2303.48,20.0,1619.9,New,Digital
INV10285,2025-01-16 23:00:00,1,P136,Clothing,3,2657.2,0.0,1933.25,nan,Card
INV10286,2025-01-16 22:00:00,1,P377,Shoes,4,505.26,0.0,254.85,Returning,Card
INV10287,2025-01-02 16:00:00,5,P295,Clothing,5,2293.93,5.0,1289.58,New,Digital
INV10288,2025-01-28 19:00:00,3,P963,Accessories,3,2573.97,20.0,1837.74,New,Card
INV10289,2025-01-24 11:00:00,3,P583,Accessories,5,601.4,0.0,370.45,Returning,Cash
INV10290,2025-02-19 02:00:00,3,P341,Accessories,5,2678.99,,1871.93,Returning,Digital
INV10291,2025-03-01 00:00:00,5,P423,Clothing,1,1141.74,0.0,689.71,Returning,Cash
INV10292,2025-02-02 18:00:00,1,P830,Clothing,3,2163.23,,1335.2,New,Digital
INV10293,2025-02-12 04:00:00,5,P291,Accessories,3,2500.89,,1369.5,New,Card
INV10294,2025-01-12 02:00:00,5,P116,Clothing,5,2156.66,10.0,1245.4,New,Digital
INV10295,2025-01-01 00:00:00,3,P623,Clothing,4,730.71,10.0,498.07,Returning,Digital
INV10296,2025-02-09 09:00:00,2,P500,Accessories,1,1990.8,10.0,1254.1,New,Cash
INV10297,2025-02-12 11:00:00,1,P985,Clothing,5,1873.96,15.0,1372.28,New,Card
INV10298,2025-01-29 12:00:00,3,P804,Shoes,2,2750.8,0.0,2078.99,Returning,Cash
INV10299,2025-01-12 13:00:00,2,P121,Shoes,2,1510.6,0.0,1000.76,nan,Card
INV10300,2025-01-02 18:00:00,2,P573,Shoes,1,1302.7,0.0,947.69,New,Cash
INV10301,2025-02-19 02:00:00,4,P219,Shoes,4,2374.63,5.0,1405.95,New,Digital
INV10302,2025-01-23 16:00:00,1,P309,Accessories,5,1531.69,0.0,956.53,Returning,Cash
INV10303,2025-01-26 07:00:00,2,P405,Accessories,3,2115.24,15.0,1509.93,Returning,Card
INV10304,2025-01-29 09:00:00,3,P369,Accessories,1,2116.13,,1303.25,New,Card
INV10305,2025-01-26 01:00:00,4,P803,Shoes,4,2720.1,5.0,1840.29,nan,Digital
INV10306,2025-02-20 08:00:00,1,P786,Shoes,3,1996.73,10.0,1109.41,Returning,Card
INV10307,2025-01-07 03:00:00,5,P384,Clothing,2,1755.38,5.0,1193.54,New,Cash
INV10308,2025-02-27 20:00:00,3,P815,Clothing,2,847.18,20.0,642.55,New,Digital
INV10309,2025-02-19 12:00:00,2,P775,Shoes,3,789.34,,600.37,Returning,Card
INV10310,2025-01-11 23:00:00,2,P862,Shoes,1,885.8,20.0,635.39,Returning,Card
INV10311,2025-02-05 20:00:00,3,P326,Shoes,2,929.62,,672.79,New,Cash
INV10312,2025-02-26 03:00:00,2,P480,Shoes,5,2094.69,0.0,1397.95,Returning,Cash
INV10313,2025-01-10 04:00:00,4,P559,Clothing,3,2352.45,20.0,1588.85,Returning,Digital
INV10314,2025-01-09 23:00:00,1,P106,Shoes,3,1824.98,20.0,985.66,New,Card
INV10315,2025-02-04 16:00:00,4,P128,Clothing,2,2572.54,0.0,1628.82,Returning,Cash
INV10316,2025-02-04 15:00:00,2,P132,Shoes,1,2978.16,,1891.83,nan,Digital
INV10317,2025-02-05 17:00:00,5,P745,Shoes,5,2550.03,0.0,2008.27,New,Card
INV10318,2025-02-18 06:00:00,1,P978,Shoes,1,2237.21,15.0,1407.93,New,Card
INV10319,2025-02-01 23:00:00,1,P178,Clothing,4,1831.23,0.0,1217.41,New,Digital
INV10320,2025-01-23 04:00:00,3,P558,Clothing,4,1622.13,5.0,1070.57,Returning,Digital
INV10321,2025-01-12 16:00:00,3,P669,Accessories,2,710.98,15.0,491.31,nan,Cash
INV10322,2025-02-24 12:00:00,5,P637,Shoes,2,1498.42,10.0,1085.56,New,Card
INV10323,2025-01-23 02:00:00,1,P581,Accessories,2,2775.34,5.0,1575.04,Returning,Card
INV10324,2025-02-10 16:00:00,5,P529,Accessories,4,2520.06,5.0,1659.76,Returning,Card
INV10325,2025-02-18 19:00:00,3,P837,Clothing,1,1040.13,20.0,777.78,Returning,Digital
INV10326,2025-02-17 21:00:00,3,P384,Clothing,1,1666.52,0.0,1064.8,New,Cash
INV10327,2025-01-13 18:00:00,1,P615,Accessories,2,2541.81,5.0,1483.24,New,Card
INV10328,2025-02-18 03:00:00,4,P198,Shoes,5,668.46,,465.52,New,Digital
INV10329,2025-01-12 08:00:00,2,P496,Clothing,1,1468.48,20.0,1097.15,Returning,Card
INV10330,2025-01-19 11:00:00,3,P588,Shoes,4,2629.6,5.0,1364.61,New,Cash
INV10331,2025-01-09 06:00:00,3,P138,Shoes,3,1509.74,20.0,1106.7,nan,Card
INV10332,2025-01-28 13:00:00,4,P370,Accessories,3,694.04,20.0,518.1,New,Cash
INV10333,2025-01-31 19:00:00,4,P986,Accessories,3,1856.34,20.0,1185.19,New,Cash
INV10334,2025-01-19 14:00:00,5,P896,Accessories,5,2654.36,10.0,2110.19,Returning,Card
INV10335,2025-01-16 20:00:00,5,P256,Accessories,2,1975.71,0.0,1454.15,Returning,Card
INV10336,2025-01-05 02:00:00,2,P174,Clothing,4,1065.7,0.0,780.2,New,Cash
INV10337,2025-01-12 19:00:00,2,P983,Clothing,5,1460.6,0.0,1057.99,New,Digital
INV10338,2025-02-28 20:00:00,1,P899,Accessories,4,1625.31,10.0,886.09,nan,Cash
INV10339,2025-02-05 20:00:00,5,P229,Clothing,4,1948.17,0.0,1101.05,New,Card
INV10340,2025-01-23 15:00:00,3,P786,Accessories,2,2398.38,15.0,1533.04,New,Card
INV10341,2025-02-26 06:00:00,5,P183,Shoes,3,747.18,5.0,432.77,Returning,Digital
INV10342,2025-02-14 20:00:00,3,P121,Shoes,2,2724.13,0.0,1701.42,New,Cash
INV10343,2025-02-11 06:00:00,4,P558,Shoes,5,530.77,20.0,406.86,Returning,Cash
INV10344,2025-01-14 04:00:00,5,P638,Accessories,5,1425.13,10.0,1065.0,New,Cash
INV10345,2025-02-04 22:00:00,4,P806,Shoes,5,568.55,0.0,391.74,New,Card
INV10346,2025-01-29 10:00:00,2,P948,Clothing,2,1482.44,20.0,1122.85,New,Cash
INV10347,2025-01-11 17:00:00,2,P481,Shoes,4,1814.53,0.0,1333.92,New,Digital
INV10348,2025-02-16 11:00:00,1,P847,Shoes,4,1779.2,15.0,1118.57,New,Card
INV10349,2025-01-09 09:00:00,5,P539,Shoes,1,914.07,20.0,512.17,New,Card
INV10350,2025-02-27 11:00:00,4,P703,Clothing,5,2114.35,5.0,1383.34,Returning,Cash
INV10351,2025-01-17 05:00:00,3,P120,Accessories,4,611.95,20.0,441.14,New,Digital
INV10352,2025-01-07 13:00:00,2,P402,Clothing,1,2404.77,10.0,1517.23,New,Card
INV10353,2025-01-13 07:00:00,2,P968,Accessories,4,2866.61,10.0,2006.72,Returning,Card
INV10354,2025-02-11 08:00:00,3,P183,Accessories,5,1349.42,0.0,712.9,Returning,Cash
INV10355,2025-02-19 01:00:00,4,P873,Shoes,3,1793.1,0.0,1298.92,New,Cash
INV10356,2025-01-05 04:00:00,4,P758,Accessories,5,1447.28,,1076.51,nan,Digital
INV10357,2025-02-07 18:00:00,5,P552,Clothing,2,516.78,5.0,367.97,New,Cash
INV10358,2025-01-08 15:00:00,5,P486,Clothing,4,1464.69,10.0,1157.37,New,Digital
INV10359,2025-02-14 00:00:00,1,P606,Accessories,4,2479.3,10.0,1854.51,Returning,Card
INV10360,2025-01-22 19:00:00,2,P356,Shoes,2,1989.97,10.0,1534.12,Returning,Digital
INV10361,2025-01-17 06:00:00,5,P669,Shoes,2,753.15,0.0,587.51,New,Digital
INV10362,2025-01-25 12:00:00,4,P991,Clothing,3,2617.85,5.0,1938.27,New,Digital
INV10363,2025-01-04 03:00:00,3,P626,Shoes,4,1827.71,15.0,1283.56,Returning,Card
INV10364,2025-01-06 18:00:00,4,P261,Accessories,4,2604.31,0.0,1306.62,New,Cash
INV10365,2025-02-13 21:00:00,2,P262,Accessories,3,1950.55,0.0,1247.86,nan,Card
INV10366,2025-02-08 09:00:00,4,P931,Clothing,1,1899.22,0.0,1275.04,New,Cash
INV10367,2025-01-26 18:00:00,1,P892,Accessories,3,763.15,5.0,451.18,Returning,Digital
INV10368,2025-02-08 02:00:00,2,P891,Clothing,5,918.4,20.0,546.84,Returning,Digital
INV10369,2025-02-14 12:00:00,3,P623,Accessories,4,2930.06,0.0,2309.91,Returning,Digital
INV10370,2025-02-19 19:00:00,1,P885,Clothing,2,1071.22,0.0,822.18,Returning,Digital
INV10371,2025-01-28 07:00:00,2,P370,Shoes,5,2943.63,5.0,2221.72,Returning,Digital
INV10372,2025-02-10 06:00:00,3,P591,Accessories,4,1829.78,15.0,1137.76,New,Cash
INV10373,2025-01-01 02:00:00,1,P307,Accessories,3,839.47,15.0,423.18,New,Cash
INV10374,2025-01-13 16:00:00,1,P638,Clothing,5,748.26,5.0,392.14,New,Digital
INV10375,2025-01-25 23:00:00,2,P683,Clothing,4,1022.16,20.0,606.81,Returning,Card
INV10376,2025-02-02 05:00:00,5,P159,Accessories,1,2814.09,15.0,1420.34,Returning,Card
INV10377,2025-02-22 05:00:00,1,P529,Clothing,1,1535.38,20.0,775.59,New,Digital
INV10378,2025-02-27 11:00:00,1,P756,Accessories,2,1488.59,20.0,1153.63,New,Cash
INV10379,2025-02-14 12:00:00,3,P704,Shoes,4,1283.02,0.0,913.31,New,Card
INV10380,2025-02-16 20:00:00,4,P408,Clothing,1,867.65,0.0,514.24,Returning,Card
INV10381,2025-01-16 21:00:00,2,P619,Accessories,3,1719.63,0.0,928.24,Returning,Card
INV10382,2025-01-21 10:00:00,2,P690,Shoes,4,825.12,5.0,539.21,Returning,Digital
INV10383,2025-03-01 04:00:00,5,P126,Shoes,3,2588.7,,1298.5,nan,Card
INV10384,2025-02-05 02:00:00,5,P785,Accessories,3,1425.99,5.0,1114.45,New,Card
INV10385,2025-01-19 19:00:00,2,P661,Clothing,1,1437.01,0.0,897.33,Returning,Card
INV10386,2025-02-26 17:00:00,5,P298,Accessories,4,1685.02,20.0,1045.89,New,Card
INV10387,2025-02-16 08:00:00,3,P486,Shoes,5,1610.32,10.0,993.85,New,Cash
INV10388,2025-02-18 13:00:00,2,P448,Accessories,1,2987.14,0.0,1555.7,New,Digital
INV10389,2025-01-15 00:00:00,5,P792,Clothing,1,1863.45,5.0,1288.57,New,Digital
INV10390,2025-02-22 21:00:00,2,P635,Shoes,4,720.5,5.0,518.69,Returning,Cash
INV10391,2025-02-23 02:00:00,4,P927,Accessories,4,2017.19,20.0,1417.76,New,Cash
INV10392,2025-01-16 22:00:00,1,P477,Clothing,3,878.96,0.0,475.98,Returning,Digital
INV10393,2025-02-26 10:00:00,2,P998,Shoes,4,577.34,0.0,388.93,nan,Card
INV10394,2025-01-12 09:00:00,1,P657,Clothing,3,2926.86,10.0,1963.47,Returning,Card
INV10395,2025-02-01 15:00:00,5,P626,Shoes,1,2433.85,0.0,1851.0,New,Digital
INV10396,2025-01-08 05:00:00,1,P252,Accessories,2,2950.27,15.0,1810.69,Returning,Card
INV10397,2025-01-12 23:00:00,2,P833,Clothing,5,1694.7,10.0,1036.22,New,Cash
INV10398,2025-01-28 20:00:00,4,P305,Shoes,1,1830.64,5.0,1255.01,Returning,Card
INV10399,2025-01-08 03:00:00,5,P554,Clothing,4,920.84,,635.31,Returning,Card
INV10400,2025-01-26 07:00:00,2,P372,Clothing,5,1117.27,15.0,715.93,Returning,Card
INV10401,2025-02-27 17:00:00,5,P993,Accessories,2,2596.37,0.0,1643.29,New,Digital
INV10402,2025-01-28 04:00:00,3,P335,Clothing,2,1390.46,10.0,901.36,Returning,Cash
INV10403,2025-02-10 03:00:00,1,P951,Shoes,3,2567.04,20.0,1946.62,New,Card
INV10404,2025-01-27 21:00:00,3,P839,Shoes,5,2272.53,15.0,1450.67,New,Digital
INV10405,2025-01-17 08:00:00,2,P620,Shoes,3,942.93,0.0,737.35,New,Card
INV10406,2025-02-02 20:00:00,4,P777,Shoes,1,1768.62,,1151.73,New,Cash
INV10407,2025-01-20 12:00:00,5,P930,Accessories,5,2193.47,5.0,1721.35,New,Card
INV10408,2025-01-28 15:00:00,1,P825,Clothing,1,1087.59,0.0,815.53,Returning,Cash
INV10409,2025-01-29 12:00:00,5,P600,Accessories,3,2576.72,0.0,1568.53,nan,Card
INV10410,2025-02-15 02:00:00,2,P216,Clothing,5,1862.07,0.0,1413.48,New,Cash
INV10411,2025-01-06 17:00:00,5,P485,Clothing,3,913.11,20.0,486.7,New,Card
INV10412,2025-02-20 04:00:00,1,P443,Clothing,5,1957.46,0.0,1521.95,New,Cash
INV10413,2025-02-16 01:00:00,2,P683,Accessories,3,2999.28,0.0,2067.98,New,Card
INV10414,2025-01-10 23:00:00,5,P494,Clothing,2,876.3,20.0,452.45,New,Card
INV10415,2025-01-30 17:00:00,4,P163,Accessories,3,2541.89,5.0,1762.23,nan,Digital
INV10416,2025-02-28 12:00:00,2,P816,Shoes,2,1018.27,0.0,806.75,New,Digital
INV10417,2025-01-05 22:00:00,2,P820,Shoes,3,2455.97,0.0,1279.41,New,Cash
INV10418,2025-02-25 00:00:00,4,P171,Clothing,5,2336.44,0.0,1557.02,New,Card
INV10419,2025-02-23 00:00:00,3,P888,Accessories,5,1251.22,0.0,906.31,Returning,Cash
INV10420,2025-01-18 14:00:00,1,P373,Shoes,5,1314.56,15.0,976.82,Returning,Digital
INV10421,2025-02-18 10:00:00,3,P419,Accessories,4,2481.3,0.0,1548.7,nan,Cash
INV10422,2025-01-21 21:00:00,5,P437,Accessories,1,1653.61,0.0,928.09,Returning,Cash
INV10423,2025-02-28 16:00:00,4,P465,Clothing,5,2327.05,20.0,1193.08,New,Digital
INV10424,2025-01-13 00:00:00,3,P594,Shoes,2,869.96,15.0,586.28,New,Card
INV10425,2025-02-03 08:00:00,2,P706,Clothing,5,2631.39,5.0,1673.23,Returning,Cash
INV10426,2025-02-04 00:00:00,5,P265,Clothing,4,2277.21,10.0,1786.75,New,Digital
INV10427,2025-01-21 15:00:00,5,P643,Shoes,2,2767.36,5.0,1433.99,Returning,Card
INV10428,2025-02-24 05:00:00,3,P110,Shoes,4,830.93,10.0,586.32,New,Digital
INV10429,2025-01-28 16:00:00,3,P400,Accessories,2,1982.54,10.0,1006.12,New,Cash
INV10430,2025-01-05 04:00:00,4,P828,Shoes,3,1997.8,5.0,1101.65,Returning,Card
INV10431,2025-02-07 02:00:00,1,P900,Accessories,1,1383.65,,880.1,Returning,Card
INV10432,2025-02-22 22:00:00,3,P201,Accessories,1,1646.17,0.0,1047.72,Returning,Digital
INV10433,2025-02-06 20:00:00,3,P524,Accessories,4,594.95,20.0,419.86,New,Digital
INV10434,2025-02-06 09:00:00,2,P491,Shoes,1,2364.65,0.0,1828.03,Returning,Digital
INV10435,2025-01-10 18:00:00,5,P878,Clothing,4,1873.31,20.0,1295.79,New,Card
INV10436,2025-01-17 20:00:00,1,P313,Accessories,4,644.35,15.0,506.5,New,Card
INV10437,2025-01-14 08:00:00,2,P790,Clothing,4,2201.89,20.0,1683.31,New,Cash
INV10438,2025-02-15 00:00:00,4,P187,Clothing,1,1666.96,0.0,1125.78,New,Card
INV10439,2025-02-20 12:00:00,4,P652,Shoes,4,586.15,10.0,439.69,New,Cash
INV10440,2025-01-13 03:00:00,3,P500,Clothing,1,2924.02,10.0,2025.68,New,Digital
INV10441,2025-01-01 16:00:00,3,P687,Clothing,4,2872.78,15.0,1504.09,New,Digital
INV10442,2025-02-09 01:00:00,4,P988,Shoes,5,1782.26,10.0,1287.09,New,Card
INV10443,2025-01-28 07:00:00,3,P145,Accessories,4,734.18,10.0,387.99,New,Digital
INV10444,2025-02-08 01:00:00,1,P771,Clothing,2,2386.55,5.0,1618.62,New,Digital
INV10445,2025-02-23 21:00:00,3,P562,Shoes,4,1729.83,5.0,1229.55,New,Card
INV10446,2025-01-03 17:00:00,5,P691,Clothing,3,1256.12,10.0,653.13,Returning,Cash
INV10447,2025-01-12 00:00:00,3,P409,Clothing,4,1728.55,0.0,983.96,New,Card
INV10448,2025-02-23 11:00:00,2,P185,Accessories,2,1806.11,,1399.2,New,Cash
INV10449,2025-01-05 16:00:00,1,P191,Clothing,2,1906.78,15.0,1305.94,New,Card
INV10450,2025-02-17 14:00:00,2,P759,Shoes,1,1603.06,,919.97,Returning,Card
INV10451,2025-01-23 14:00:00,2,P772,Clothing,5,2014.39,0.0,1424.58,Returning,Digital
INV10452,2025-02-06 20:00:00,5,P813,Accessories,4,2796.84,20.0,1899.15,Returning,Card
INV10453,2025-01-14 01:00:00,1,P341,Accessories,1,1405.67,20.0,914.35,Returning,Card
INV10454,2025-01-11 18:00:00,1,P964,Shoes,5,2314.29,15.0,1834.9,Returning,Cash
INV10455,2025-02-08 05:00:00,1,P101,Accessories,4,2736.13,15.0,1929.07,Returning,Digital
INV10456,2025-03-01 01:00:00,1,P324,Clothing,3,1639.95,5.0,1004.69,Returning,Cash
INV10457,2025-02-07 17:00:00,1,P900,Accessories,4,1608.64,20.0,1190.43,New,Cash
INV10458,2025-02-03 17:00:00,5,P844,Shoes,2,2005.29,10.0,1534.8,New,Digital
INV10459,2025-01-30 14:00:00,3,P688,Accessories,2,1978.52,0.0,1063.59,New,Digital
INV10460,2025-01-27 18:00:00,2,P215,Accessories,3,2516.47,5.0,1409.64,nan,Digital
INV10461,2025-02-03 19:00:00,1,P765,Accessories,1,1691.21,,955.31,Returning,Card
INV10462,2025-02-26 05:00:00,3,P202,Shoes,5,2990.31,20.0,2115.24,Returning,Digital
INV10463,2025-02-02 23:00:00,3,P293,Accessories,4,648.68,,441.69,New,Digital
INV10464,2025-01-15 22:00:00,2,P265,Accessories,2,507.92,15.0,348.28,New,Digital
INV10465,2025-02-11 18:00:00,5,P970,Clothing,1,2100.5,0.0,1643.08,New,Cash
INV10466,2025-01-17 04:00:00,4,P189,Shoes,3,1246.09,0.0,913.1,New,Cash
INV10467,2025-01-29 03:00:00,4,P785,Accessories,2,1100.96,0.0,592.74,Returning,Card
INV10468,2025-01-10 23:00:00,3,P221,Shoes,3,1279.75,0.0,773.29,Returning,Cash
INV10469,2025-01-17 09:00:00,2,P242,Accessories,4,1140.12,5.0,718.98,New,Card
INV10470,2025-01-17 19:00:00,4,P205,Accessories,5,576.98,0.0,357.03,Returning,Cash
INV10471,2025-01-24 04:00:00,3,P986,Accessories,2,2928.83,5.0,2052.5,New,Digital
INV10472,2025-02-03 05:00:00,5,P527,Clothing,2,1051.86,,807.37,nan,Cash
INV10473,2025-02-22 01:00:00,4,P404,Clothing,4,2335.07,5.0,1381.93,New,Card
INV10474,2025-01-13 10:00:00,3,P971,Clothing,1,2406.49,20.0,1601.67,New,Cash
INV10475,2025-02-12 15:00:00,3,P416,Shoes,5,2823.14,15.0,2080.15,New,Digital
INV10476,2025-01-11 18:00:00,1,P734,Shoes,2,576.37,0.0,360.15,New,Card
INV10477,2025-02-16 22:00:00,5,P108,Clothing,5,2680.12,5.0,1475.23,New,Digital
INV10478,2025-02-24 15:00:00,1,P873,Shoes,2,1818.07,0.0,1168.08,Returning,Digital
INV10479,2025-01-31 10:00:00,2,P172,Accessories,5,2081.36,5.0,1075.16,Returning,Card
INV10480,2025-02-23 15:00:00,1,P458,Accessories,3,2111.18,15.0,1652.45,Returning,Digital
INV10481,2025-01-08 03:00:00,1,P322,Accessories,2,2549.49,0.0,1331.97,New,Digital
INV10482,2025-02-09 03:00:00,4,P515,Clothing,5,1333.52,0.0,842.17,Returning,Cash
INV10483,2025-02-25 02:00:00,3,P652,Shoes,1,2332.63,5.0,1537.12,New,Digital
INV10484,2025-02-01 02:00:00,5,P469,Clothing,3,1821.45,,1449.13,New,Digital
INV10485,2025-01-27 17:00:00,1,P815,Shoes,3,2483.49,20.0,1365.44,Returning,Digital
INV10486,2025-02-27 18:00:00,5,P363,Accessories,1,2976.37,15.0,1590.36,Returning,Digital
INV10487,2025-01-19 20:00:00,1,P939,Clothing,5,1001.63,0.0,503.43,New,Card
INV10488,2025-01-05 17:00:00,2,P789,Shoes,4,2986.62,20.0,1632.7,New,Cash
INV10489,2025-01-28 09:00:00,1,P959,Shoes,1,724.53,20.0,407.32,nan,Digital
INV10490,2025-01-22 20:00:00,4,P417,Accessories,5,505.79,15.0,348.58,New,Digital
INV10491,2025-01-06 00:00:00,3,P183,Clothing,1,610.4,,345.43,New,Card
INV10492,2025-01-05 08:00:00,2,P417,Clothing,1,1354.46,5.0,685.57,Returning,Digital
INV10493,2025-01-12 13:00:00,1,P210,Clothing,2,2082.27,,1557.51,New,Card
INV10494,2025-02-03 16:00:00,5,P350,Accessories,5,672.57,,410.05,New,Cash
INV10495,2025-01-14 12:00:00,2,P482,Clothing,4,514.16,0.0,311.64,New,Cash
INV10496,2025-01-27 08:00:00,2,P106,Accessories,2,2842.73,10.0,1679.32,Returning,Digital
INV10497,2025-01-26 14:00:00,1,P558,Accessories,1,2554.82,,2024.98,Returning,Digital
INV10498,2025-02-26 21:00:00,2,P183,Accessories,1,2522.96,0.0,1390.24,Returning,Digital
INV10499,2025-02-16 23:00:00,5,P307,Shoes,1,2711.06,10.0,2086.08,nan,Card
